{
  "method": "disc_direct_bc",
  "K": 6,
  "use_skill": true,
  "ortho_weight": 0.0,
  "bc_weight": 0.1,
  "alpha_floor": 0.5,
  "n_steps": 20000,
  "seed": 0,
  "chosen_step": 15500,
  "test_mse": 147.02008221563074,
  "norm_test": 0.07324873928500102,
  "bc_nll": -8.100901452617267,
  "disc_magnitudes": [
    12.754723525558756,
    9.041056724482292,
    6.999306793262078,
    4.473069513361967,
    4.432021198372873,
    3.6754508440196383
  ],
  "wall_time_sec": 4428.948418140411
}